index,doc_a,doc_b,label,type,TF-IDF,Standard TED,pq-Gram,Section Cosine,Genuine Flat Domain SBERT
0,SU26SE102,SU26SE102_plag,1,Type_A,0.5769844828125621,0.40157480314960625,0.03383458646616541,0.4590496111298835,1.0
1,SU26SE045,SU26SE045_plag,1,Type_A,0.7099971987306961,0.39370078740157477,0.014760147601476014,0.5135859102670769,1.0
2,SU26SE043,SU26SE043_plag,1,Type_A,0.5361349154518443,0.39370078740157477,0.018518518518518517,0.432458797949451,1.0
3,SU26SE047,SU26SE047_plag,1,Type_A,0.4982717475898821,0.3728813559322034,0.003937007874015748,0.4187506844868749,1.0
4,SU26SE063,SU26SE063_plag,1,Type_A,0.5880350983719983,0.40944881889763785,0.03773584905660377,0.41995378567223146,1.0
5,SU26SE048,SU26SE048_plag,1,Type_A,0.5820775662887027,0.39370078740157477,0.018518518518518517,0.4822837075266253,1.0
6,SU26SE002,SU26SE002_plag,1,Type_A,0.6191104665485618,0.4251968503937008,0.041666666666666664,0.43309839942074935,1.0
7,SU26SE093,SU26SE093_plag,1,Type_A,0.7180375087722101,0.4330708661417323,0.03773584905660377,0.5465815806961727,1.0
8,SU26SE057,SU26SE057_plag,1,Type_A,0.39137937043370824,0.39370078740157477,0.011029411764705883,0.33017518558360737,1.0
9,SU26SE096,SU26SE096_plag,1,Type_A,0.6044750092602602,0.41463414634146345,0.022988505747126436,0.47997749774261306,1.0
10,SU26SE013,SU26SE013_plag,1,Type_A,0.5572209981572728,0.39370078740157477,0.018518518518518517,0.4366239468326026,1.0
11,SU26SE021,SU26SE021_plag,1,Type_A,0.6028181940073176,0.423728813559322,0.024,0.39770340816425387,1.0
12,SU26SE088,SU26SE088_plag,1,Type_A,0.7225000175057331,0.4173228346456693,0.041666666666666664,0.4638394214151898,1.0
13,SU26SE106,SU26SE106_plag,1,Type_A,0.8137690022066175,0.4173228346456693,0.03773584905660377,0.6441196410551994,1.0
14,SU26SE097,SU26SE097_plag,1,Type_A,0.8220561187268397,0.6463414634146342,0.0975609756097561,0.6865971035916603,1.0
15,SU26SE066,SU26SE066_plag,1,Type_A,0.6408772881546715,0.40157480314960625,0.026119402985074626,0.4603989382001423,1.0
16,SU26SE031,SU26SE031_plag,1,Type_A,0.6182423754561579,0.40944881889763785,0.022304832713754646,0.4227668648122634,1.0
17,SU27SE153,SU27SE153_plag,1,Type_A,0.7753030594316185,0.7173913043478262,0.0989010989010989,0.837006856769315,1.0
18,SU26SE023,SU26SE023_plag,1,Type_A,0.6535159313051562,0.4330708661417323,0.06177606177606178,0.5378280625062716,1.0
19,SU26SE101,SU26SE101_plag,1,Type_A,0.6167055644852202,0.4173228346456693,0.04961832061068702,0.5283133095419792,1.0
20,SU26SE086,SU26SE086_plag,1,Type_A,0.6039835595463158,0.39370078740157477,0.011029411764705883,0.4636566889278041,1.0
21,SU26SE034,SU26SE034_plag,1,Type_A,0.5815266315368821,0.4251968503937008,0.057692307692307696,0.5419899399393481,1.0
22,SU26SE003,SU26SE003_plag,1,Type_A,0.560286534523861,0.3858267716535433,0.007326007326007326,0.4305557285519138,1.0
23,SU26SE008,SU26SE008_plag,1,Type_A,0.6765514707755169,0.4251968503937008,0.03773584905660377,0.45780815495217414,1.0
24,SU26SE041,SU26SE041_plag,1,Type_A,0.6203941178447878,0.40944881889763785,0.03383458646616541,0.43659104676979565,1.0
25,SU26SE037,SU26SE037_plag,1,Type_A,0.48935697911522097,0.5975609756097561,0.011235955056179775,0.3408167477668792,1.0
26,SU26SE010,SU26SE010_plag,1,Type_A,0.6092501239657618,0.4173228346456693,0.026119402985074626,0.37858930656668643,1.0
27,SU26SE022,SU26SE022_plag,1,Type_A,0.6275778598228784,0.3858267716535433,0.007326007326007326,0.4613622920130229,1.0
28,SU26SE017,SU26SE017_plag,1,Type_A,0.5248804174102019,0.4251968503937008,0.04961832061068702,0.38504888387803515,1.0
29,SU26SE170,SU26SE170_plag,1,Type_A,0.6970116945390537,0.4330708661417323,0.04961832061068702,0.5030755161331999,1.0
30,SU26SE107,SU26SE107_plag,1,Type_A,0.7176357901549711,0.39370078740157477,0.022304832713754646,0.5245296522950794,1.0
31,SU26SE083,SU26SE083_plag,1,Type_A,0.6067292362551089,0.4067796610169492,0.011857707509881422,0.5167203563775858,1.0
32,SU26SE025,SU26SE025_plag,1,Type_A,0.6458972524229274,0.40944881889763785,0.041666666666666664,0.5136422169593207,1.0
33,SU26SE056,SU26SE056_plag,1,Type_A,0.5913077062655919,0.40157480314960625,0.026119402985074626,0.47135642815760553,1.0
34,SU26SE001,SU26SE001_plag,1,Type_A,0.5614352380212416,0.4251968503937008,0.018518518518518517,0.4858819010481952,1.0
35,SU26SE072,SU26SE072_plag,1,Type_A,0.3845837467392146,0.4285714285714286,0.015463917525773196,0.7819118589474962,1.0
36,SU26SE042,SU26SE042_plag,1,Type_A,0.6559814131645741,0.40157480314960625,0.026119402985074626,0.4894438504071738,1.0
37,SU26SE095,SU26SE095_plag,1,Type_A,0.6313550082086042,0.39370078740157477,0.014760147601476014,0.4519741225651395,1.0
38,SU26SE168,SP26SE003,0,Type_B,0.12435931944896293,0.5755813953488372,0.0,0.04303614973934994,1.0
39,SU26SE169,SP26SE112,0,Type_B,0.1386429636458111,0.5755813953488372,0.0,0.05235383954572871,1.0
40,SP26SE001,SU26SE004,0,Type_B,0.024004295748158683,0.5730994152046784,0.0,0.01038270335846778,1.0
41,SP26SE150,SP26SE092,0,Type_B,0.10020828344554755,0.5688622754491017,0.0,0.49063204040767583,1.0
42,SP26SE007,SP26SE098,0,Type_B,0.08078919928154239,0.5705882352941176,0.0,0.4909397834810156,1.0
43,SP26SE102,SP26SE055,0,Type_B,0.11976277618395499,0.5755813953488372,0.0,0.5102883114944627,1.0
44,SP26SE132,SP26SE157,0,Type_B,0.14453719356972525,0.5755813953488372,0.0,0.5204728406608294,1.0
45,SP26SE143,SP26SE062,0,Type_B,0.10180572555631953,0.4758620689655172,0.0,0.47670441208088055,1.0
46,SU26SE063,SP26SE019,0,Type_B,0.15746284201016092,0.5730994152046784,0.0,0.059454455519856696,1.0
47,SU26SE088,SP26SE156,0,Type_B,0.08882012742915515,0.5755813953488372,0.0,0.03408652109064616,1.0
48,SP26SE110,SP26SE038,0,Type_B,0.12127151636323236,0.5755813953488372,0.0,0.5191546917521399,1.0
49,SU26SE080,SU26SE046,0,Type_B,0.17432860868686922,0.5069444444444444,0.0,0.046564370130847396,1.0
50,SU26SE033,SP26SE161,0,Type_B,0.11459171562988506,0.5460122699386503,0.0,0.03074474410484911,1.0
51,SU26SE048,SU26SE087,0,Type_B,0.2470342525728151,0.5755813953488372,0.0027100271002710027,0.19327107289579346,1.0
52,SP26SE048,SU26SE087,0,Type_B,0.15456764159867872,0.5290322580645161,0.0029940119760479044,0.06763915848596616,1.0
53,SP26SE047,SP26SE159,0,Type_B,0.06115100088529996,0.5730994152046784,0.0,0.4938939631847561,1.0
54,SU26SE097,SP26SE150,0,Type_B,0.11962139554589886,0.38888888888888884,0.0,0.030148171997550342,1.0
55,SP26SE150,SP26SE042,0,Type_B,0.11784703126994837,0.5730994152046784,0.0,0.49182621379377367,1.0
56,SU26SE102,SP26SE034,0,Type_B,0.08050484236882781,0.5460122699386503,0.0,0.027360126932419383,1.0
57,SP26SE138,SU26SE030,0,Type_B,0.10821871269870635,0.5755813953488372,0.0,0.039855297552441736,1.0
58,SU26SE026,SU26SE063,0,Type_B,0.16272229623387974,0.5460122699386503,0.0,0.09862159205350432,1.0
59,SU26SE059,SP26SE048,0,Type_B,0.07721188554015852,0.5225806451612903,0.0,0.02947465951784277,1.0
60,SP26SE069,SP26SE091,0,Type_B,0.1759432119890975,0.5739644970414202,0.008310249307479225,0.48784857135334875,1.0
61,SP26SE119,SU26SE067,0,Type_B,0.11957479485167949,0.5755813953488372,0.0,0.0604666109669365,1.0
62,SU26SE015,SP26SE024,0,Type_B,0.12514233987365353,0.5730994152046784,0.0027247956403269754,0.021766137004060795,1.0
63,SP26SE019,SU26SE079,0,Type_B,0.1384664936765868,0.4722222222222222,0.0,0.2436047006012431,1.0
64,SU26SE169,SP26SE069,0,Type_B,0.13572045975378955,0.5705882352941176,0.0,0.03285695168100087,1.0
65,SP26SE042,SP26SE159,0,Type_B,0.14042838331264296,0.5755813953488372,0.0,0.5151214218755309,1.0
66,SP26SE102,SU26SE039,0,Type_B,0.08290764191233728,0.5755813953488372,0.0,0.03470639083931463,1.0
67,SP26SE065,SP26SE120,0,Type_B,0.08344472866149721,0.5755813953488372,0.0,0.4901381326439316,1.0
68,SP26SE120,SP26SE123,0,Type_B,0.05151819574827394,0.5755813953488372,0.0,0.482680120064331,1.0
69,SP26SE052,SP26SE078,0,Type_B,0.05786934303792926,0.5730994152046784,0.0,0.4829615122642197,1.0
70,SP26SE087,SP26SE102,0,Type_B,0.08346092014488664,0.5098039215686274,0.0,0.5046893597181392,1.0
71,SP26SE054,SP26SE099,0,Type_B,0.04392559635559171,0.512987012987013,0.0,0.48287711338487843,1.0
72,SP26SE039,SU26SE165,0,Type_B,0.0629679340897792,0.5755813953488372,0.0,0.023485121135323934,1.0
73,SP26SE110,SP26SE103,0,Type_B,0.1581409060073608,0.5755813953488372,0.0,0.5294353836411136,1.0
74,SU26SE168,SU26SE019,0,Type_B,0.13392175166652207,0.5755813953488372,0.0,0.0725582122117696,1.0
75,SU26SE029,SU26SE087,0,Type_B,0.1254117344503483,0.5755813953488372,0.0,0.09739920466375063,1.0
76,SU26SE070,SP26SE069,0,Type_B,0.10664669272891009,0.5670731707317074,0.0,0.01933830030735761,1.0
77,SP26SE134,SU26SE169,0,Type_B,0.10724014019275391,0.5755813953488372,0.0,0.03518495883277065,1.0
78,SP26SE055,SP26SE128,0,Type_B,0.1426963444150386,0.5755813953488372,0.0,0.5221242605135648,1.0
79,SU26SE094,SP26SE157,0,Type_B,0.17890667939080335,0.5755813953488372,0.0,0.05354738393509067,1.0
80,SU26SE166,SU26SE082,0,Type_B,0.1071989156880895,0.562874251497006,0.0,0.04629713234214223,1.0
81,SP26SE087,SP26SE052,0,Type_B,0.06965402959241386,0.513157894736842,0.0,0.4995195830061875,1.0
82,SP26SE128,SU26SE079,0,Type_B,0.13975397679960486,0.4758620689655172,0.0,0.24475121013206297,1.0
83,SP26SE088,SP26SE134,0,Type_B,0.059120315683042025,0.5,0.0,0.46725449516756423,1.0
84,SU26SE087,SP26SE001,0,Type_B,0.06682590283043176,0.5755813953488372,0.0,0.04219335774169132,1.0
85,SU26SE061,SU26SE021,0,Type_B,0.11716559134505675,0.5460122699386503,0.0,0.05182783682265706,1.0
86,SP26SE162,SP26SE086,0,Type_B,0.08866355725692851,0.5755813953488372,0.0,0.4976056467805855,1.0
87,SP26SE061,SP26SE049,0,Type_B,0.15063280141821772,0.5755813953488372,0.0,0.5174280168363259,1.0
88,SP26SE122,SP26SE055,0,Type_C,0.10098197789630643,0.5755813953488372,0.0,0.5123052802421423,1.0
89,SP26SE038,SU26SE109,0,Type_C,0.14594552984484924,0.5755813953488372,0.0,0.060442013259728054,1.0
90,SP26SE123,SU26SE063,0,Type_C,0.06524816424208066,0.5755813953488372,0.0,0.021287618750188773,1.0
91,SP26SE038,SU26SE023,0,Type_C,0.07319512654104769,0.5755813953488372,0.0,0.03429657936817029,1.0
92,SP26SE098,SU26SE116,0,Type_C,0.09774590455695416,0.4755244755244755,0.0,0.4995986951708558,1.0
93,SU26SE022,SP26SE161,0,Type_C,0.162673091053934,0.5755813953488372,0.0,0.05654187990727182,1.0
94,SU26SE045,SP26SE024,0,Type_C,0.11456676522265984,0.5755813953488372,0.0,0.03556606534160296,1.0
95,SP26SE161,SP26SE078,0,Type_C,0.06034812294796087,0.5755813953488372,0.0,0.48019292805820263,1.0
96,SU26SE104,SP26SE048,0,Type_C,0.08127744183753907,0.5225806451612903,0.0,0.03297753881391663,1.0
97,SU26SE021,SP26SE026,0,Type_C,0.10552539422438702,0.5460122699386503,0.0,0.029716490193747468,1.0
98,SP26SE078,SP26SE011,0,Type_C,0.04886194678452678,0.5755813953488372,0.0,0.4716146097028144,1.0
99,SU26SE087,SP26SE087,0,Type_C,0.08921437681500458,0.5098039215686274,0.0,0.023712561145930015,1.0
100,SP26SE110,SU26SE091,0,Type_C,0.14156354233969062,0.5755813953488372,0.0,0.05709108821754707,1.0
101,SU26SE026,SP26SE029,0,Type_C,0.06618650540150137,0.5460122699386503,0.0,0.02895671432257449,1.0
102,SP26SE058,SU26SE043,0,Type_C,0.09956960238293308,0.5755813953488372,0.0,0.04376333724113079,1.0
103,SP26SE012,SP26SE058,0,Type_C,0.0781591373123381,0.5755813953488372,0.0,0.49336043327268136,1.0
104,SP26SE087,SU26SE166,0,Type_C,0.09051129482609344,0.527027027027027,0.0,0.026815637224776125,1.0
105,SP26SE104,SU26SE032,0,Type_C,0.09313654576434102,0.5755813953488372,0.0,0.029757183150631677,1.0
106,SU27SE153,SU26SE030,0,Type_C,0.12265935602164318,0.2660550458715596,0.0,0.04691651041546309,1.0
107,SP26SE068,SU26SE063,0,Type_C,0.14506046124813343,0.5755813953488372,0.0,0.03505610632898287,1.0
108,SP26SE018,SU26SE048,0,Type_C,0.09200029597817966,0.5755813953488372,0.0,0.02698632592204151,1.0
109,SP26SE162,SP26SE052,0,Type_C,0.07897669739975109,0.5730994152046784,0.0,0.4982778968849027,1.0
110,SU26SE044,SU26SE031,0,Type_C,0.15843932997480328,0.5460122699386503,0.0,0.0870724777543852,1.0
111,SP26SE149,SP26SE024,0,Type_C,0.07488723069885171,0.5755813953488372,0.0,0.4746474136532314,1.0
112,SP26SE107,SU26SE019,0,Type_C,0.10337415137575608,0.5755813953488372,0.0,0.044983751503742675,1.0
113,SP26SE128,SU26SE074,0,Type_C,0.17591638167595927,0.506578947368421,0.0,0.24851039523106508,1.0
114,SU26SE029,SU26SE021,0,Type_C,0.13717479662351723,0.5460122699386503,0.0,0.08833692766326054,1.0
115,SP26SE129,SP26SE078,0,Type_C,0.06239288066099265,0.5755813953488372,0.0,0.4847035018609989,1.0
116,SP26SE056,SP26SE078,0,Type_C,0.08643128288374158,0.5755813953488372,0.0,0.49318841456660056,1.0
117,SP26SE051,SP26SE070,0,Type_C,0.09577613586694744,0.5310344827586206,0.0,0.49800569193953376,1.0
118,SU26SE005,SP26SE158,0,Type_C,0.06757092520405855,0.5730994152046784,0.0,0.03278653190671463,1.0
119,SP26SE001,SU26SE022,0,Type_C,0.0910806597950893,0.5755813953488372,0.0,0.031760402370491755,1.0
120,SP26SE034,SU26SE079,0,Type_C,0.08554353353567076,0.5,0.0,0.2424683478751436,1.0
121,SP26SE056,SU26SE063,0,Type_C,0.10067869830860407,0.5755813953488372,0.0,0.03242408001511785,1.0
122,SP26SE033,SP26SE078,0,Type_C,0.07422962864917192,0.5813953488372092,0.0027100271002710027,0.4821700046117569,1.0
123,SU26SE064,SU26SE018,0,Type_C,0.21077634800271777,0.5755813953488372,0.0,0.10287985606361143,1.0
124,SP26SE010,SU26SE031,0,Type_C,0.10266270134103682,0.5755813953488372,0.0,0.0373621816700295,1.0
125,SU26SE015,SP26SE044,0,Type_C,0.07342153312761371,0.5730994152046784,0.0,0.024171519260043836,1.0
126,SP26SE101,SU26SE083,0,Type_C,0.10869907629482765,0.5460122699386503,0.0,0.035228017992056465,1.0
127,SU26SE094,SP26SE034,0,Type_C,0.1221206063697737,0.5460122699386503,0.0,0.03935134707511719,1.0
128,SP26SE143,SP26SE057,0,Type_C,0.05982229965041276,0.4722222222222222,0.0,0.47425632010138435,1.0
129,SP26SE150,SU26SE107,0,Type_C,0.13875280923142755,0.5730994152046784,0.0,0.03444990804700489,1.0
130,SP26SE093,SU27SE153,0,Type_C,0.1262976500196421,0.2660550458715596,0.0,0.5171643471972924,1.0
131,SU26SE070,SP26SE052,0,Type_C,0.10188410588282218,0.5636363636363637,0.0,0.047091602651929715,1.0
132,SU26SE091,SU26SE032,0,Type_C,0.14803932151953347,0.5755813953488372,0.0,0.09374052977131085,1.0
133,SP26SE103,SU26SE079,0,Type_C,0.08252515764382952,0.4758620689655172,0.0,0.24185940856282984,1.0
134,SP26SE102,SP26SE109,0,Type_C,0.09180722833850935,0.5755813953488372,0.0027100271002710027,0.5019167362211694,1.0
135,SP26SE019,SU26SE091,0,Type_C,0.1565777306529604,0.5730994152046784,0.0,0.07420626240264501,1.0
136,SP26SE158,SP26SE019,0,Type_C,0.15090159477992424,0.5730994152046784,0.00821917808219178,0.5181182120273516,1.0
137,SP26SE133,SP26SE074,0,Type_C,0.07217039394133123,0.5730994152046784,0.0,0.4948618426105661,1.0
