index,doc_a,doc_b,label,type,SBERT_MiniLM,BGE_Small_v1.5,MPNet_Base_v2
0,SU26SE102,SU26SE102_plag,1,Type_A,0.8144054412841797,0.9181848764419556,0.9175642728805542
1,SU26SE045,SU26SE045_plag,1,Type_A,0.8106613755226135,0.915852963924408,0.9071140289306641
2,SU26SE043,SU26SE043_plag,1,Type_A,0.7337571382522583,0.8999685645103455,0.8946430087089539
3,SU26SE047,SU26SE047_plag,1,Type_A,0.7542421817779541,0.8623719811439514,0.874758243560791
4,SU26SE063,SU26SE063_plag,1,Type_A,0.7588410377502441,0.9008165597915649,0.9250876903533936
5,SU26SE048,SU26SE048_plag,1,Type_A,0.8521798253059387,0.9290650486946106,0.9553557634353638
6,SU26SE002,SU26SE002_plag,1,Type_A,0.7646867632865906,0.896525502204895,0.9163861870765686
7,SU26SE093,SU26SE093_plag,1,Type_A,0.8567343950271606,0.9531589150428772,0.9443411231040955
8,SU26SE057,SU26SE057_plag,1,Type_A,0.8062177896499634,0.9162558317184448,0.9210445284843445
9,SU26SE096,SU26SE096_plag,1,Type_A,0.7493045926094055,0.8784074783325195,0.9207447171211243
10,SU26SE013,SU26SE013_plag,1,Type_A,0.8499148488044739,0.9215079545974731,0.9518226385116577
11,SU26SE021,SU26SE021_plag,1,Type_A,0.7849538922309875,0.9173175692558289,0.915683388710022
12,SU26SE088,SU26SE088_plag,1,Type_A,0.7936846613883972,0.922002911567688,0.8745043277740479
13,SU26SE106,SU26SE106_plag,1,Type_A,0.7554602026939392,0.8459286689758301,0.9239071607589722
14,SU26SE097,SU26SE097_plag,1,Type_A,0.7386183738708496,0.8723639845848083,0.9266126751899719
15,SU26SE066,SU26SE066_plag,1,Type_A,0.7804851531982422,0.928594708442688,0.9280827045440674
16,SU26SE031,SU26SE031_plag,1,Type_A,0.876076877117157,0.9219555854797363,0.9311615824699402
17,SU27SE153,SU27SE153_plag,1,Type_A,0.8873251080513,0.923039436340332,0.9686112999916077
18,SU26SE023,SU26SE023_plag,1,Type_A,0.9170824885368347,0.9310271739959717,0.9449942111968994
19,SU26SE101,SU26SE101_plag,1,Type_A,0.880173921585083,0.9582818150520325,0.9409574270248413
20,SU26SE086,SU26SE086_plag,1,Type_A,0.8810229897499084,0.9479509592056274,0.9538147449493408
21,SU26SE034,SU26SE034_plag,1,Type_A,0.8524467349052429,0.9444078207015991,0.8732233047485352
22,SU26SE003,SU26SE003_plag,1,Type_A,0.7932186126708984,0.9049517512321472,0.9128667712211609
23,SU26SE008,SU26SE008_plag,1,Type_A,0.7643252611160278,0.9105318784713745,0.8746122121810913
24,SU26SE041,SU26SE041_plag,1,Type_A,0.8378020524978638,0.9241330027580261,0.8977576494216919
25,SU26SE037,SU26SE037_plag,1,Type_A,0.8372071385383606,0.9292635321617126,0.8935493230819702
26,SU26SE010,SU26SE010_plag,1,Type_A,0.8651826977729797,0.9232231974601746,0.893669068813324
27,SU26SE022,SU26SE022_plag,1,Type_A,0.8494340777397156,0.9483962059020996,0.932357907295227
28,SU26SE017,SU26SE017_plag,1,Type_A,0.9455811381340027,0.9342517256736755,0.961311936378479
29,SU26SE170,SU26SE170_plag,1,Type_A,0.84537273645401,0.9342717528343201,0.920519232749939
30,SU26SE107,SU26SE107_plag,1,Type_A,0.8006733059883118,0.9436768293380737,0.9430923461914062
31,SU26SE083,SU26SE083_plag,1,Type_A,0.8089619874954224,0.9653728008270264,0.950742244720459
32,SU26SE025,SU26SE025_plag,1,Type_A,0.8663305640220642,0.9485148191452026,0.940843403339386
33,SU26SE056,SU26SE056_plag,1,Type_A,0.8681215047836304,0.9404814839363098,0.8880268335342407
34,SU26SE001,SU26SE001_plag,1,Type_A,0.8775757551193237,0.9505279660224915,0.9034613966941833
35,SU26SE072,SU26SE072_plag,1,Type_A,0.699146032333374,0.8693501949310303,0.8765052556991577
36,SU26SE042,SU26SE042_plag,1,Type_A,0.8802626729011536,0.9338487386703491,0.9236906170845032
37,SU26SE095,SU26SE095_plag,1,Type_A,0.9171628355979919,0.9370356798171997,0.9397478103637695
38,SU26SE168,SP26SE003,0,Type_B,0.28372082114219666,0.6567217707633972,0.37917155027389526
39,SU26SE169,SP26SE112,0,Type_B,0.3012353479862213,0.6900138258934021,0.422355592250824
40,SP26SE001,SU26SE004,0,Type_B,0.19580085575580597,0.6470680832862854,0.17621126770973206
41,SP26SE150,SP26SE092,0,Type_B,0.20209580659866333,0.6511930823326111,0.24437245726585388
42,SP26SE007,SP26SE098,0,Type_B,0.33924779295921326,0.6502068042755127,0.32617560029029846
43,SP26SE102,SP26SE055,0,Type_B,0.3374311327934265,0.6702532172203064,0.4088125228881836
44,SP26SE132,SP26SE157,0,Type_B,0.3599835932254791,0.7036725282669067,0.4012607932090759
45,SP26SE143,SP26SE062,0,Type_B,0.3971773684024811,0.65902179479599,0.3734099566936493
46,SU26SE063,SP26SE019,0,Type_B,0.17689859867095947,0.6321240663528442,0.34269848465919495
47,SU26SE088,SP26SE156,0,Type_B,0.3346709907054901,0.6626246571540833,0.42371246218681335
48,SP26SE110,SP26SE038,0,Type_B,0.25886261463165283,0.6211479306221008,0.2692278325557709
49,SU26SE080,SU26SE046,0,Type_B,0.4236748516559601,0.6761245131492615,0.5362407565116882
50,SU26SE033,SP26SE161,0,Type_B,0.3902001678943634,0.6818019151687622,0.3479435443878174
51,SU26SE048,SU26SE087,0,Type_B,0.5147178173065186,0.7359195351600647,0.5940805077552795
52,SP26SE048,SU26SE087,0,Type_B,0.5206124782562256,0.7048333287239075,0.5300703644752502
53,SP26SE047,SP26SE159,0,Type_B,0.13779757916927338,0.47043871879577637,0.13762792944908142
54,SU26SE097,SP26SE150,0,Type_B,0.269878089427948,0.6572318077087402,0.414698988199234
55,SP26SE150,SP26SE042,0,Type_B,0.2016124427318573,0.6634963154792786,0.2792486846446991
56,SU26SE102,SP26SE034,0,Type_B,0.35588741302490234,0.6688635945320129,0.40764254331588745
57,SP26SE138,SU26SE030,0,Type_B,0.34504976868629456,0.6520699858665466,0.3125368654727936
58,SU26SE026,SU26SE063,0,Type_B,0.25254786014556885,0.6459640860557556,0.3322685956954956
59,SU26SE059,SP26SE048,0,Type_B,0.38548946380615234,0.6650670766830444,0.3593725264072418
60,SP26SE069,SP26SE091,0,Type_B,0.5663342475891113,0.7245859503746033,0.5870105028152466
61,SP26SE119,SU26SE067,0,Type_B,0.4794091582298279,0.7036064863204956,0.530164897441864
62,SU26SE015,SP26SE024,0,Type_B,0.3581143617630005,0.6538020372390747,0.3324498236179352
63,SP26SE019,SU26SE079,0,Type_B,0.3311554193496704,0.656336784362793,0.3331872820854187
64,SU26SE169,SP26SE069,0,Type_B,0.5920544862747192,0.7305800318717957,0.6286590695381165
65,SP26SE042,SP26SE159,0,Type_B,0.3100886642932892,0.6190121173858643,0.4615218937397003
66,SP26SE102,SU26SE039,0,Type_B,0.12487222254276276,0.5670483112335205,0.2193973809480667
67,SP26SE065,SP26SE120,0,Type_B,0.32700762152671814,0.6305015087127686,0.31029456853866577
68,SP26SE120,SP26SE123,0,Type_B,0.2899289131164551,0.6452523469924927,0.29967328906059265
69,SP26SE052,SP26SE078,0,Type_B,0.2730717957019806,0.6157029867172241,0.2810928523540497
70,SP26SE087,SP26SE102,0,Type_B,0.3216634690761566,0.6465237736701965,0.4188239872455597
71,SP26SE054,SP26SE099,0,Type_B,0.21350279450416565,0.6406983733177185,0.2119591236114502
72,SP26SE039,SU26SE165,0,Type_B,0.1494026631116867,0.5773450136184692,0.25709205865859985
73,SP26SE110,SP26SE103,0,Type_B,0.280164897441864,0.6829933524131775,0.328801691532135
74,SU26SE168,SU26SE019,0,Type_B,0.31605780124664307,0.6331624984741211,0.3846466839313507
75,SU26SE029,SU26SE087,0,Type_B,0.35157644748687744,0.661029040813446,0.36473381519317627
76,SU26SE070,SP26SE069,0,Type_B,0.2412225902080536,0.5692024230957031,0.27602264285087585
77,SP26SE134,SU26SE169,0,Type_B,0.35931631922721863,0.7123935222625732,0.36545008420944214
78,SP26SE055,SP26SE128,0,Type_B,0.27868956327438354,0.6141475439071655,0.22651328146457672
79,SU26SE094,SP26SE157,0,Type_B,0.5030040740966797,0.7401633262634277,0.4541108310222626
80,SU26SE166,SU26SE082,0,Type_B,0.17835330963134766,0.6481401920318604,0.295762836933136
81,SP26SE087,SP26SE052,0,Type_B,0.3261759877204895,0.5994304418563843,0.2838485836982727
82,SP26SE128,SU26SE079,0,Type_B,0.2674495279788971,0.6372487545013428,0.22555696964263916
83,SP26SE088,SP26SE134,0,Type_B,0.23234570026397705,0.5695652365684509,0.18169377744197845
84,SU26SE087,SP26SE001,0,Type_B,0.5151844620704651,0.7650423049926758,0.6619883179664612
85,SU26SE061,SU26SE021,0,Type_B,0.10764624178409576,0.5392165184020996,0.1820090413093567
86,SP26SE162,SP26SE086,0,Type_B,0.3541601896286011,0.7142964601516724,0.32097840309143066
87,SP26SE061,SP26SE049,0,Type_B,0.2830250859260559,0.6345847249031067,0.29208889603614807
88,SP26SE122,SP26SE055,0,Type_C,0.3229586184024811,0.6939977407455444,0.37227916717529297
89,SP26SE038,SU26SE109,0,Type_C,0.3506404161453247,0.6727878451347351,0.4625697433948517
90,SP26SE123,SU26SE063,0,Type_C,0.22379454970359802,0.6343756318092346,0.3241102993488312
91,SP26SE038,SU26SE023,0,Type_C,0.15859355032444,0.5641325116157532,0.1648460328578949
92,SP26SE098,SU26SE116,0,Type_C,0.30043211579322815,0.6262925267219543,0.29421931505203247
93,SU26SE022,SP26SE161,0,Type_C,0.33236637711524963,0.663534939289093,0.3489670157432556
94,SU26SE045,SP26SE024,0,Type_C,0.2962146997451782,0.6840482354164124,0.3803938329219818
95,SP26SE161,SP26SE078,0,Type_C,0.19007083773612976,0.5266056060791016,0.18739092350006104
96,SU26SE104,SP26SE048,0,Type_C,0.19565458595752716,0.5629827976226807,0.24083761870861053
97,SU26SE021,SP26SE026,0,Type_C,0.3461593687534332,0.6520429849624634,0.27237874269485474
98,SP26SE078,SP26SE011,0,Type_C,0.1781505048274994,0.5728865265846252,0.11807318776845932
99,SU26SE087,SP26SE087,0,Type_C,0.33823102712631226,0.6548142433166504,0.4498001039028168
100,SP26SE110,SU26SE091,0,Type_C,0.1416747123003006,0.596492350101471,0.18330734968185425
101,SU26SE026,SP26SE029,0,Type_C,0.1409076750278473,0.6206910014152527,0.13875195384025574
102,SP26SE058,SU26SE043,0,Type_C,0.2869357168674469,0.6089285612106323,0.18566660583019257
103,SP26SE012,SP26SE058,0,Type_C,0.4272899031639099,0.6285877823829651,0.35986313223838806
104,SP26SE087,SU26SE166,0,Type_C,0.46191835403442383,0.6595464944839478,0.4421686828136444
105,SP26SE104,SU26SE032,0,Type_C,0.3748107850551605,0.6413576006889343,0.3594188094139099
106,SU27SE153,SU26SE030,0,Type_C,0.376884400844574,0.722470760345459,0.3970383107662201
107,SP26SE068,SU26SE063,0,Type_C,0.5978018045425415,0.7250048518180847,0.6367183327674866
108,SP26SE018,SU26SE048,0,Type_C,0.4061022102832794,0.6923623085021973,0.3601752817630768
109,SP26SE162,SP26SE052,0,Type_C,0.39010998606681824,0.683646559715271,0.490206241607666
110,SU26SE044,SU26SE031,0,Type_C,0.2896534204483032,0.6757734417915344,0.39192429184913635
111,SP26SE149,SP26SE024,0,Type_C,0.3440215289592743,0.6340911984443665,0.3441747725009918
112,SP26SE107,SU26SE019,0,Type_C,0.2928082048892975,0.6150578856468201,0.2671299874782562
113,SP26SE128,SU26SE074,0,Type_C,0.32692012190818787,0.6849082708358765,0.3195854127407074
114,SU26SE029,SU26SE021,0,Type_C,0.2862982153892517,0.652826189994812,0.3584688603878021
115,SP26SE129,SP26SE078,0,Type_C,0.3883356750011444,0.635755717754364,0.32109320163726807
116,SP26SE056,SP26SE078,0,Type_C,0.2218369096517563,0.6140804290771484,0.2771680951118469
117,SP26SE051,SP26SE070,0,Type_C,0.29845350980758667,0.6194337606430054,0.288753867149353
118,SU26SE005,SP26SE158,0,Type_C,0.3049298822879791,0.5852827429771423,0.25591105222702026
119,SP26SE001,SU26SE022,0,Type_C,0.21447406709194183,0.6494585871696472,0.30129244923591614
120,SP26SE034,SU26SE079,0,Type_C,0.46071693301200867,0.7260186076164246,0.458858460187912
121,SP26SE056,SU26SE063,0,Type_C,0.49044397473335266,0.6745163202285767,0.44592344760894775
122,SP26SE033,SP26SE078,0,Type_C,0.18088386952877045,0.5925081968307495,0.15918274223804474
123,SU26SE064,SU26SE018,0,Type_C,0.41289037466049194,0.7366377115249634,0.2369312345981598
124,SP26SE010,SU26SE031,0,Type_C,0.4271812438964844,0.7469232082366943,0.49242326617240906
125,SU26SE015,SP26SE044,0,Type_C,0.11262819170951843,0.530749499797821,0.09525562822818756
126,SP26SE101,SU26SE083,0,Type_C,0.14567801356315613,0.5962973833084106,0.2507745325565338
127,SU26SE094,SP26SE034,0,Type_C,0.2660145163536072,0.6134724617004395,0.22040122747421265
128,SP26SE143,SP26SE057,0,Type_C,0.28534382581710815,0.6366987824440002,0.33179351687431335
129,SP26SE150,SU26SE107,0,Type_C,0.22459040582180023,0.6806141138076782,0.41439592838287354
130,SP26SE093,SU27SE153,0,Type_C,0.31664296984672546,0.6714009642601013,0.325588583946228
131,SU26SE070,SP26SE052,0,Type_C,0.3693212568759918,0.6572288870811462,0.43388572335243225
132,SU26SE091,SU26SE032,0,Type_C,0.28234079480171204,0.6441737413406372,0.2582174241542816
133,SP26SE103,SU26SE079,0,Type_C,0.327908992767334,0.6557215452194214,0.26522961258888245
134,SP26SE102,SP26SE109,0,Type_C,0.28458791971206665,0.6325469613075256,0.34267014265060425
135,SP26SE019,SU26SE091,0,Type_C,0.12266115099191666,0.5947265028953552,0.20791098475456238
136,SP26SE158,SP26SE019,0,Type_C,0.4063001573085785,0.6413034200668335,0.3005158305168152
137,SP26SE133,SP26SE074,0,Type_C,0.19436658918857574,0.5977602005004883,0.1054324358701706
