index,doc_a,doc_b,label,type,TF-IDF,Section Cosine
0,SU26SE102,SU26SE102_plag,1,Type_A,0.599471052200561,0.4864299168005874
1,SU26SE045,SU26SE045_plag,1,Type_A,0.7287192615578884,0.5445527656165479
2,SU26SE043,SU26SE043_plag,1,Type_A,0.5533070656465092,0.4569286551929186
3,SU26SE047,SU26SE047_plag,1,Type_A,0.5079467775878662,0.4310946514512496
4,SU26SE063,SU26SE063_plag,1,Type_A,0.6038208813262272,0.4365780412814937
5,SU26SE048,SU26SE048_plag,1,Type_A,0.5880608572384151,0.5141608921438696
6,SU26SE002,SU26SE002_plag,1,Type_A,0.6435197194361079,0.468478264921983
7,SU26SE093,SU26SE093_plag,1,Type_A,0.6984468593754579,0.5491297390607419
8,SU26SE057,SU26SE057_plag,1,Type_A,0.4022459155388515,0.3579313880429177
9,SU26SE096,SU26SE096_plag,1,Type_A,0.6124152504530492,0.5423033337046957
10,SU26SE013,SU26SE013_plag,1,Type_A,0.5791867729164583,0.4977264456730725
11,SU26SE021,SU26SE021_plag,1,Type_A,0.6085777014621391,0.4296685681829265
12,SU26SE088,SU26SE088_plag,1,Type_A,0.7299431898174331,0.4872858172075264
13,SU26SE106,SU26SE106_plag,1,Type_A,0.8243554315651822,0.6682904467579085
14,SU26SE097,SU26SE097_plag,1,Type_A,0.8256649217386648,0.6995005986197823
15,SU26SE066,SU26SE066_plag,1,Type_A,0.6357291658558857,0.45127982190749283
16,SU26SE031,SU26SE031_plag,1,Type_A,0.6220424117234579,0.45617279699007474
17,SU27SE153,SU27SE153_plag,1,Type_A,0.8183081823934927,0.8657114671135191
18,SU26SE023,SU26SE023_plag,1,Type_A,0.6187277638417693,0.5243967673588916
19,SU26SE101,SU26SE101_plag,1,Type_A,0.6410333457474994,0.5548933205661237
20,SU26SE086,SU26SE086_plag,1,Type_A,0.6209604349688268,0.49595271591960455
21,SU26SE034,SU26SE034_plag,1,Type_A,0.628802445698163,0.5443990619407131
22,SU26SE003,SU26SE003_plag,1,Type_A,0.5968897252069234,0.35015145468331826
23,SU26SE008,SU26SE008_plag,1,Type_A,0.6530853989917096,0.5109443383299742
24,SU26SE041,SU26SE041_plag,1,Type_A,0.6366231864481835,0.45826417949691545
25,SU26SE037,SU26SE037_plag,1,Type_A,0.5173615599938658,0.36516159962115247
26,SU26SE010,SU26SE010_plag,1,Type_A,0.5495853539039598,0.3334885176425166
27,SU26SE022,SU26SE022_plag,1,Type_A,0.6430204451567979,0.5061445822713672
28,SU26SE017,SU26SE017_plag,1,Type_A,0.5901043190704844,0.4377718014085275
29,SU26SE170,SU26SE170_plag,1,Type_A,0.7384495809235855,0.5414808482555277
30,SU26SE107,SU26SE107_plag,1,Type_A,0.7203961060937263,0.5453964649878881
31,SU26SE083,SU26SE083_plag,1,Type_A,0.6186866659747482,0.5404507616134381
32,SU26SE025,SU26SE025_plag,1,Type_A,0.684107461816676,0.5408427772686342
33,SU26SE056,SU26SE056_plag,1,Type_A,0.6128395224184854,0.5037666272875079
34,SU26SE001,SU26SE001_plag,1,Type_A,0.588531170639634,0.4947296840146335
35,SU26SE072,SU26SE072_plag,1,Type_A,0.40918193616689846,0.78977944164062
36,SU26SE042,SU26SE042_plag,1,Type_A,0.6947553155331009,0.5133150573871961
37,SU26SE095,SU26SE095_plag,1,Type_A,0.6682300106104185,0.5029502248992465
38,SU26SE168,SP26SE003,0,Type_B,0.15623594347839323,0.05770785597340279
39,SU26SE169,SP26SE112,0,Type_B,0.1417001621024517,0.05664673114080463
40,SP26SE001,SU26SE004,0,Type_B,0.03442088840062291,0.014623161604832043
41,SP26SE150,SP26SE092,0,Type_B,0.1198494582366682,0.4973550515353441
42,SP26SE007,SP26SE098,0,Type_B,0.1254236668434825,0.5019448612200577
43,SP26SE102,SP26SE055,0,Type_B,0.12177221879990567,0.5107620741791193
44,SP26SE132,SP26SE157,0,Type_B,0.14788785917729103,0.5226583864125132
45,SP26SE143,SP26SE062,0,Type_B,0.11551685162526011,0.478980173274575
46,SU26SE063,SP26SE019,0,Type_B,0.15639225771570922,0.059081301446488266
47,SU26SE088,SP26SE156,0,Type_B,0.09156267901948115,0.04075163626594222
48,SP26SE110,SP26SE038,0,Type_B,0.1208238689189695,0.5201560709322174
49,SU26SE080,SU26SE046,0,Type_B,0.23509120350978568,0.05828422345600516
50,SU26SE033,SP26SE161,0,Type_B,0.12254981683361268,0.03614755563153895
51,SU26SE048,SU26SE087,0,Type_B,0.26508392871489506,0.21845108439117214
52,SP26SE048,SU26SE087,0,Type_B,0.15824269492211973,0.07052586020648641
53,SP26SE047,SP26SE159,0,Type_B,0.0651198293594581,0.49887632232599943
54,SU26SE097,SP26SE150,0,Type_B,0.12046668162059167,0.030606691830912598
55,SP26SE150,SP26SE042,0,Type_B,0.12013886852681084,0.49226618719602216
56,SU26SE102,SP26SE034,0,Type_B,0.08039076542674285,0.027946311835040802
57,SP26SE138,SU26SE030,0,Type_B,0.11234824182069661,0.04155690937942737
58,SU26SE026,SU26SE063,0,Type_B,0.16444601534592462,0.10028634402913196
59,SU26SE059,SP26SE048,0,Type_B,0.07658502080618773,0.034245119093509545
60,SP26SE069,SP26SE091,0,Type_B,0.18648324291823148,0.4930240442425205
61,SP26SE119,SU26SE067,0,Type_B,0.13209218982004003,0.08064432277037377
62,SU26SE015,SP26SE024,0,Type_B,0.12465432436632116,0.02268732587744984
63,SP26SE019,SU26SE079,0,Type_B,0.13857527782882828,0.24372677035757526
64,SU26SE169,SP26SE069,0,Type_B,0.13698681046593209,0.03362320911411212
65,SP26SE042,SP26SE159,0,Type_B,0.1453043001626631,0.5169004583779365
66,SP26SE102,SU26SE039,0,Type_B,0.09395936589380764,0.039146223821619204
67,SP26SE065,SP26SE120,0,Type_B,0.09991616585217454,0.4997297365501613
68,SP26SE120,SP26SE123,0,Type_B,0.062054754399694934,0.48872108330711783
69,SP26SE052,SP26SE078,0,Type_B,0.06049546366181523,0.48382430128568704
70,SP26SE087,SP26SE102,0,Type_B,0.08486517495186646,0.505253342104415
71,SP26SE054,SP26SE099,0,Type_B,0.061808774511639006,0.4952439416375202
72,SP26SE039,SU26SE165,0,Type_B,0.07704698731709521,0.030764543571342562
73,SP26SE110,SP26SE103,0,Type_B,0.1631118907497132,0.5347817752695805
74,SU26SE168,SU26SE019,0,Type_B,0.14851236650274613,0.08734610555907209
75,SU26SE029,SU26SE087,0,Type_B,0.13073330913479603,0.10970287440404701
76,SU26SE070,SP26SE069,0,Type_B,0.10748314283859556,0.019790872410372907
77,SP26SE134,SU26SE169,0,Type_B,0.10980077091527647,0.036132727238736
78,SP26SE055,SP26SE128,0,Type_B,0.1442803169578814,0.5230942949337708
79,SU26SE094,SP26SE157,0,Type_B,0.18782832814558897,0.05814259056047479
80,SU26SE166,SU26SE082,0,Type_B,0.1161183165340964,0.05976924949125738
81,SP26SE087,SP26SE052,0,Type_B,0.07164359288932844,0.5001769515797628
82,SP26SE128,SU26SE079,0,Type_B,0.14145070316100133,0.24502794905614708
83,SP26SE088,SP26SE134,0,Type_B,0.061587452103534404,0.46754034107266296
84,SU26SE087,SP26SE001,0,Type_B,0.06753371221537968,0.043405062149155835
85,SU26SE061,SU26SE021,0,Type_B,0.1493048261350049,0.0798833212551024
86,SP26SE162,SP26SE086,0,Type_B,0.09782451679096979,0.5081304151661257
87,SP26SE061,SP26SE049,0,Type_B,0.18846113305264678,0.5362945918213718
88,SP26SE122,SP26SE055,0,Type_C,0.11903112022312225,0.5207814169065365
89,SP26SE038,SU26SE109,0,Type_C,0.15738470880551414,0.06809283177445254
90,SP26SE123,SU26SE063,0,Type_C,0.06727452056928841,0.021796694058686686
91,SP26SE038,SU26SE023,0,Type_C,0.08482474872639531,0.046138590656639826
92,SP26SE098,SU26SE116,0,Type_C,0.14478718600593296,0.5092958373470822
93,SU26SE022,SP26SE161,0,Type_C,0.16421746407628812,0.05648531671222761
94,SU26SE045,SP26SE024,0,Type_C,0.11495853031026823,0.038081964228671605
95,SP26SE161,SP26SE078,0,Type_C,0.062149191039371554,0.48080579925238687
96,SU26SE104,SP26SE048,0,Type_C,0.08647701534104447,0.03432327037875631
97,SU26SE021,SP26SE026,0,Type_C,0.12102495711347565,0.03411182447795243
98,SP26SE078,SP26SE011,0,Type_C,0.06193514988651752,0.4735286594011008
99,SU26SE087,SP26SE087,0,Type_C,0.09273109708145207,0.023897639423391518
100,SP26SE110,SU26SE091,0,Type_C,0.14371979745254296,0.05850573171151385
101,SU26SE026,SP26SE029,0,Type_C,0.07898461479792397,0.03571710616867536
102,SP26SE058,SU26SE043,0,Type_C,0.10196818414655939,0.04443487570653268
103,SP26SE012,SP26SE058,0,Type_C,0.08179924567574261,0.5002971577201688
104,SP26SE087,SU26SE166,0,Type_C,0.09939446860633513,0.028970048904697076
105,SP26SE104,SU26SE032,0,Type_C,0.09762093698373471,0.0322664410378064
106,SU27SE153,SU26SE030,0,Type_C,0.12508078222028757,0.04779725929401052
107,SP26SE068,SU26SE063,0,Type_C,0.15015038888590365,0.03884373549223865
108,SP26SE018,SU26SE048,0,Type_C,0.0971413471794934,0.03269100749115785
109,SP26SE162,SP26SE052,0,Type_C,0.08165654589712301,0.4998391317536652
110,SU26SE044,SU26SE031,0,Type_C,0.1561710952123451,0.09676209194559666
111,SP26SE149,SP26SE024,0,Type_C,0.07929713162333646,0.4751537537531973
112,SP26SE107,SU26SE019,0,Type_C,0.10136685117403368,0.046780703299299016
113,SP26SE128,SU26SE074,0,Type_C,0.1960046722495483,0.2517574739371241
114,SU26SE029,SU26SE021,0,Type_C,0.1407104795715018,0.09736553096668583
115,SP26SE129,SP26SE078,0,Type_C,0.06885671694247514,0.4878396938013855
116,SP26SE056,SP26SE078,0,Type_C,0.08702763191917261,0.4928398380253119
117,SP26SE051,SP26SE070,0,Type_C,0.12153141110439694,0.5078502704867414
118,SU26SE005,SP26SE158,0,Type_C,0.0759177424032277,0.04355534504798591
119,SP26SE001,SU26SE022,0,Type_C,0.09261818938678429,0.03257322084300542
120,SP26SE034,SU26SE079,0,Type_C,0.08675139656038845,0.24288341461270443
121,SP26SE056,SU26SE063,0,Type_C,0.10442825525942484,0.03370469002335202
122,SP26SE033,SP26SE078,0,Type_C,0.08087793477363518,0.48361515039679165
123,SU26SE064,SU26SE018,0,Type_C,0.22775975407264853,0.12330335936338306
124,SP26SE010,SU26SE031,0,Type_C,0.10021551757402886,0.0398793809487887
125,SU26SE015,SP26SE044,0,Type_C,0.07950757179048931,0.02574376297134647
126,SP26SE101,SU26SE083,0,Type_C,0.10894805110851478,0.0379102027570717
127,SU26SE094,SP26SE034,0,Type_C,0.12896564157232043,0.04305076491256918
128,SP26SE143,SP26SE057,0,Type_C,0.09151355954573549,0.4801102260125683
129,SP26SE150,SU26SE107,0,Type_C,0.14159881899938034,0.0350127189697223
130,SP26SE093,SU27SE153,0,Type_C,0.1310902037629326,0.5228017093046443
131,SU26SE070,SP26SE052,0,Type_C,0.10513975296148219,0.04796612080774396
132,SU26SE091,SU26SE032,0,Type_C,0.15042457568477055,0.09393491304316647
133,SP26SE103,SU26SE079,0,Type_C,0.08688904917083003,0.24334196882973763
134,SP26SE102,SP26SE109,0,Type_C,0.10372325371263309,0.5128151580140383
135,SP26SE019,SU26SE091,0,Type_C,0.15862727288414735,0.07493547750048433
136,SP26SE158,SP26SE019,0,Type_C,0.16928833266801177,0.5353717686510963
137,SP26SE133,SP26SE074,0,Type_C,0.07938091157596848,0.5007832098292394
